"artifact_key","version","version_id","pinned_at","state"
"agentic_solution_requirements","2","4c17b16f4de54733be33ecd3e94b077c","2026-08-20T09:21:45.380641+00:00","pinned"
"opportunity_table","2","e07c050c4b5c48ab91438f8752d4f4ac","2026-08-20T09:21:45.380641+00:00","pinned"
"reimagined_process_graph","2","a71d576bdda74faa9b23087ec9824ccc","2026-08-20T09:21:45.380641+00:00","pinned"
"agent_specifications","2","69b9024875ca4738bc02edf444eee72f","2026-08-20T09:21:45.380641+00:00","pinned"
"not_automated_register","2","7c13c7a6a2e248a09f70142330f79c17","2026-08-20T09:21:45.380641+00:00","pinned"
"integration_point_inventory","1","0c8ccf7352f148ee8a35020adf51c33c","2026-08-20T09:21:45.380641+00:00","pinned"
"surface_inventory","2","db6ebb60a6cb4a8f9b25ca6de794636e","2026-08-20T09:21:45.380641+00:00","pinned"
"surface_data_points","2","fd965a7a343d4ada85ff36f498105b58","2026-08-20T09:21:45.380641+00:00","pinned"
"surface_actions","2","adfa95af5b54414d8429e3a15bcc57a2","2026-08-20T09:21:45.380641+00:00","pinned"
"surface_validations","2","4290b32c0a224a1a9beaebcec7b370e1","2026-08-20T09:21:45.380641+00:00","pinned"
"surface_step_mapping","2","ebcc41d360f542e1a6eabfac36225341","2026-08-20T09:21:45.380641+00:00","pinned"
"ontology_nodes","1","82b12694b04342a5bf10adeb06e11cbf","2026-08-20T09:21:45.380641+00:00","pinned"
"process_step_table","1","bee02167f2e843029e485208b8f49f55","2026-08-20T09:21:45.380641+00:00","pinned"
"tacit_knowledge","1","78137ad06ebf42c2bb3ee3f821ffbf2d","2026-08-20T09:21:45.380641+00:00","pinned"
"kpi_board_definition","2","e18468b8cf0442cbb97975d04b048769","2026-08-20T09:21:45.380641+00:00","pinned"
"roi_assumptions","2","55047feab9824a2fa05dcd9cdb034250","2026-08-20T09:21:45.380641+00:00","pinned"
"technical_transformation_specification","2","e267005cf82b48fca1de46d422f373d5","2026-08-20T09:21:45.380641+00:00","pinned"
"deployment_architecture_description","1","237a7b5d52054b4f8a6a62015f89159e","2026-08-20T09:21:45.380641+00:00","pinned"
"system_architecture_map","1","c5a6571522da4271bbb792e0a0d4697c","2026-08-20T09:21:45.380641+00:00","pinned"
"data_flow_map","1","683f9e7851464a59af7c3f9481387978","2026-08-20T09:21:45.380641+00:00","pinned"
"data_pipeline_specification","1","da1257b2b5ff4ad4b1460e51889d1789","2026-08-20T09:21:45.380641+00:00","pinned"
"workflow_ui_understanding","2","7b1c17f6776b4564b4d24a272291cdbe","2026-08-20T09:21:45.380641+00:00","pinned"
