"item_id","subject","detail","blocking","likely_source","source_artifact","raised_by","status"
"Q1","What cloud environment and region hosts the workflow system?","What cloud environment and region hosts the workflow system?","false","Cloud Architect / DevOps Engineer","it_requirements_questionnaire","E1-S3","approved"
"Q4","What security and compliance controls are required?","What security and compliance controls are required?","false","IT Security Officer / Compliance Lead","it_requirements_questionnaire","E1-S3","approved"
"Q5","What telemetry, tracking and alerting stack is in use?","What telemetry, tracking and alerting stack is in use?","false","DevOps Engineer / Infrastructure Team Lead","it_requirements_questionnaire","E1-S3","dismissed"
"OI-01","Discrepancy in Case UW-2026-00042 status","","false","","synthesis_open_items","E1-S2","approved"
"OI-02","Initiator and direction of medical records request","","false","","synthesis_open_items","E1-S2","approved"
"OI-03","Activity list and document receipt tracking","","false","","synthesis_open_items","E1-S2","approved"
"OI-04","Completeness of final execution steps","","false","","synthesis_open_items","E1-S2","approved"
"OI-05","Decision status of pending case UW-2026-00051","","false","","synthesis_open_items","E1-S2","approved"
"OI-06","Field name for policy value","","false","","synthesis_open_items","E1-S2","approved"
"HR-306:INT_04","INT_04 on case_queue_workbench needs 'screen scrape', so tools.yaml has no entry for it. Serving steps Lab report and clinical documentation verification. will have no tool until the endpoint exists.","row:4","false","Client IT / the system owner","integration_point_inventory","HR-306:INT_04","approved"
